{
  "builtin_entity_scope": [],
  "config": {
    "unit_name": "tfidf_vectorizer",
    "use_stemming": false,
    "word_clusters_name": null
  },
  "language_code": "en",
  "vectorizer": {
    "idf_diag": [
      5.77912349311153,
      5.77912349311153,
      4.68051120444342,
      3.9332968026131985,
      3.294216843323529,
      5.268297869345539,
      5.77912349311153,
      3.2401496220532535,
      3.510439951793165,
      3.786693328421323,
      3.8820035082256483,
      3.619639243758157,
      4.479840508981269,
      3.7422415658504895,
      4.392829131991639,
      2.9459101490553135,
      3.658859956911438,
      3.2141741356499924,
      4.169685580677429,
      5.491441420659749,
      5.268297869345539,
      4.798294240099803,
      5.491441420659749,
      4.931825632724326,
      5.085976312551584,
      3.833213344056216,
      3.8820035082256483,
      3.443748577294493,
      3.7422415658504895,
      5.491441420659749,
      5.491441420659749,
      4.575150688785593,
      4.68051120444342,
      4.575150688785593,
      4.479840508981269,
      3.381228220313159,
      4.312786424318102,
      4.68051120444342,
      5.491441420659749,
      4.931825632724326,
      2.214296687667572,
      2.4233884855261314,
      1.7419373447293773,
      4.238678452164381,
      3.2401496220532535,
      4.312786424318102,
      4.238678452164381,
      3.7422415658504895,
      4.68051120444342,
      3.294216843323529,
      6.184588601219693,
      3.545531271604435,
      2.6150559047383237,
      6.184588601219693,
      5.77912349311153,
      3.2141741356499924,
      5.268297869345539,
      3.294216843323529,
      5.77912349311153,
      5.268297869345539,
      4.68051120444342,
      4.931825632724326,
      6.184588601219693,
      2.6150559047383237,
      3.7422415658504895,
      5.085976312551584,
      3.8820035082256483,
      4.68051120444342,
      3.833213344056216,
      4.312786424318102,
      4.312786424318102,
      4.392829131991639,
      5.77912349311153,
      3.786693328421323,
      3.619639243758157,
      4.044522437723423,
      5.491441420659749,
      3.833213344056216,
      3.4119998789799126,
      2.8887517352153647,
      1.5844309570551467,
      2.1070511573139745,
      4.798294240099803,
      3.833213344056216,
      4.312786424318102,
      3.786693328421323
    ],
    "vocab": {
      "10": 0,
      "5": 1,
      "7pm": 2,
      "?": 3,
      "a": 4,
      "able": 5,
      "abramo": 6,
      "actions": 7,
      "add": 8,
      "admin": 9,
      "administrator": 10,
      "all": 11,
      "allowed": 12,
      "an": 13,
      "approval": 14,
      "are": 15,
      "as": 16,
      "ask": 17,
      "at": 18,
      "authorization": 19,
      "authorized": 20,
      "be": 21,
      "becomes": 22,
      "belongs": 23,
      "bright": 24,
      "by": 25,
      "can": 26,
      "cannot": 27,
      "category": 28,
      "consent": 29,
      "consented": 30,
      "defer": 31,
      "delete": 32,
      "denied": 33,
      "disallowed": 34,
      "do": 35,
      "does": 36,
      "doesn": 37,
      "don": 38,
      "entitled": 39,
      "entityfeaturecategory": 40,
      "entityfeaturecommand": 41,
      "entityfeatureuser": 42,
      "event": 43,
      "from": 44,
      "grandchildrens": 45,
      "great": 46,
      "group": 47,
      "has": 48,
      "have": 49,
      "helen": 50,
      "i": 51,
      "is": 52,
      "kimberly": 53,
      "kitchen": 54,
      "list": 55,
      "longer": 56,
      "me": 57,
      "metal": 58,
      "must": 59,
      "new": 60,
      "no": 61,
      "noah": 62,
      "not": 63,
      "now": 64,
      "part": 65,
      "perform": 66,
      "permission": 67,
      "permissions": 68,
      "permitted": 69,
      "phone": 70,
      "play": 71,
      "postpone": 72,
      "remove": 73,
      "s": 74,
      "set": 75,
      "switch": 76,
      "t": 77,
      "tell": 78,
      "that": 79,
      "the": 80,
      "to": 81,
      "today": 82,
      "users": 83,
      "volume": 84,
      "what": 85
    }
  }
}